fixIdx,legIdx,zoneIdx,tickLead,tickRace,time,lat,lng,alt,togo
1,0,1,1893.378451279703,,,,,257.0,166.781
227,1,182,2119.378451279703,,,,,568.0,166.778
228,1,183,2120.378451279703,,,,,570.0,166.76
229,1,184,2121.378451279703,,,,,573.0,166.743
230,1,185,2122.378451279703,,,,,575.0,166.725
231,1,186,2123.378451279703,,,,,577.0,166.709
232,1,187,2124.378451279703,,,,,579.0,166.691
233,1,188,2125.378451279703,,,,,581.0,166.673
234,1,189,2126.378451279703,,,,,584.0,166.657
235,1,190,2127.378451279703,,,,,586.0,166.64
236,1,191,2128.378451279703,,,,,588.0,166.622
237,1,192,2129.378451279703,,,,,590.0,166.603
238,1,193,2130.378451279703,,,,,591.0,166.585
239,1,194,2131.378451279703,,,,,593.0,166.567
240,1,195,2132.378451279703,,,,,594.0,166.55
241,1,196,2133.378451279703,,,,,595.0,166.533
242,1,197,2134.378451279703,,,,,597.0,166.517
243,1,198,2135.378451279703,,,,,599.0,166.5
244,1,199,2136.378451279703,,,,,601.0,166.486
245,1,200,2137.378451279703,,,,,603.0,166.469
246,1,201,2138.378451279703,,,,,605.0,166.453
247,1,202,2139.378451279703,,,,,607.0,166.437
248,1,203,2140.378451279703,,,,,608.0,166.423
249,1,204,2141.378451279703,,,,,610.0,166.407
250,1,205,2142.378451279703,,,,,611.0,166.39
251,1,206,2143.378451279703,,,,,613.0,166.376
252,1,207,2144.378451279703,,,,,615.0,166.359
253,1,208,2145.378451279703,,,,,616.0,166.343
254,1,209,2146.378451279703,,,,,617.0,166.327
255,1,210,2147.378451279703,,,,,618.0,166.311
256,1,211,2148.378451279703,,,,,620.0,166.295
257,1,212,2149.378451279703,,,,,620.0,166.28
258,1,213,2150.378451279703,,,,,620.0,166.266
259,1,214,2151.378451279703,,,,,620.0,166.253
260,1,215,2152.378451279703,,,,,623.0,166.24
261,1,216,2153.378451279703,,,,,626.0,166.228
262,1,217,2154.378451279703,,,,,628.0,166.215
263,1,218,2155.378451279703,,,,,630.0,166.204
264,1,219,2156.378451279703,,,,,631.0,166.195
265,1,220,2157.378451279703,,,,,634.0,166.184
266,1,221,2158.378451279703,,,,,636.0,166.175
267,1,222,2159.378451279703,,,,,639.0,166.166
268,1,223,2160.378451279703,,,,,642.0,166.159
269,1,224,2161.378451279703,,,,,645.0,166.15
270,1,225,2162.378451279703,,,,,647.0,166.143
271,1,226,2163.378451279703,,,,,649.0,166.136
272,1,227,2164.378451279703,,,,,650.0,166.13
273,1,228,2165.378451279703,,,,,650.0,166.125
274,1,229,2166.378451279703,,,,,652.0,166.123
275,1,230,2167.378451279703,,,,,652.0,166.12
276,1,231,2168.378451279703,,,,,653.0,166.119
1670,1,1625,3562.378451279703,,,,,1081.0,166.114
1671,1,1626,3563.378451279703,,,,,1082.0,166.104
1672,1,1627,3564.378451279703,,,,,1081.0,166.097
1673,1,1628,3565.378451279703,,,,,1081.0,166.091
1674,1,1629,3566.378451279703,,,,,1082.0,166.086
1675,1,1630,3567.378451279703,,,,,1083.0,166.084
1676,1,1631,3568.378451279703,,,,,1083.0,166.083
1758,1,1713,3650.378451279703,,,,,1224.0,166.073
1759,1,1714,3651.378451279703,,,,,1227.0,166.058
1760,1,1715,3652.378451279703,,,,,1229.0,166.045
1761,1,1716,3653.378451279703,,,,,1231.0,166.034
1762,1,1717,3654.378451279703,,,,,1234.0,166.026
1763,1,1718,3655.378451279703,,,,,1236.0,166.022
1776,1,1731,3668.378451279703,,,,,1267.0,166.01
1777,1,1732,3669.378451279703,,,,,1269.0,165.992
1778,1,1733,3670.378451279703,,,,,1271.0,165.978
1779,1,1734,3671.378451279703,,,,,1273.0,165.965
1780,1,1735,3672.378451279703,,,,,1276.0,165.957
1781,1,1736,3673.378451279703,,,,,1279.0,165.951
1782,1,1737,3674.378451279703,,,,,1281.0,165.949
1798,1,1753,3690.378451279703,,,,,1313.0,165.934
1799,1,1754,3691.378451279703,,,,,1313.0,165.917
1800,1,1755,3692.378451279703,,,,,1314.0,165.9
1801,1,1756,3693.378451279703,,,,,1316.0,165.887
1802,1,1757,3694.378451279703,,,,,1316.0,165.873
1803,1,1758,3695.378451279703,,,,,1317.0,165.863
1804,1,1759,3696.378451279703,,,,,1318.0,165.856
1805,1,1760,3697.378451279703,,,,,1320.0,165.852
1822,1,1777,3714.378451279703,,,,,1348.0,165.841
1823,1,1778,3715.378451279703,,,,,1349.0,165.822
1824,1,1779,3716.378451279703,,,,,1351.0,165.806
1825,1,1780,3717.378451279703,,,,,1353.0,165.794
1826,1,1781,3718.378451279703,,,,,1353.0,165.779
1827,1,1782,3719.378451279703,,,,,1353.0,165.768
1828,1,1783,3720.378451279703,,,,,1354.0,165.759
1829,1,1784,3721.378451279703,,,,,1357.0,165.754
1830,1,1785,3722.378451279703,,,,,1360.0,165.752
1842,1,1797,3734.378451279703,,,,,1374.0,165.742
1843,1,1798,3735.378451279703,,,,,1376.0,165.725
1844,1,1799,3736.378451279703,,,,,1377.0,165.708
1845,1,1800,3737.378451279703,,,,,1378.0,165.692
1846,1,1801,3738.378451279703,,,,,1380.0,165.68
1847,1,1802,3739.378451279703,,,,,1382.0,165.67
1848,1,1803,3740.378451279703,,,,,1384.0,165.665
1849,1,1804,3741.378451279703,,,,,1386.0,165.661
1865,1,1820,3757.378451279703,,,,,1403.0,165.656
1866,1,1821,3758.378451279703,,,,,1402.0,165.639
1867,1,1822,3759.378451279703,,,,,1402.0,165.623
1868,1,1823,3760.378451279703,,,,,1402.0,165.609
1869,1,1824,3761.378451279703,,,,,1404.0,165.6
1870,1,1825,3762.378451279703,,,,,1406.0,165.595
1871,1,1826,3763.378451279703,,,,,1408.0,165.591
1965,1,1920,3857.378451279703,,,,,1484.0,165.588
1966,1,1921,3858.378451279703,,,,,1482.0,165.581
1967,1,1922,3859.378451279703,,,,,1480.0,165.576
1968,1,1923,3860.378451279703,,,,,1479.0,165.575
1997,1,1952,3889.378451279703,,,,,1519.0,165.573
1998,1,1953,3890.378451279703,,,,,1520.0,165.559
1999,1,1954,3891.378451279703,,,,,1521.0,165.547
2000,1,1955,3892.378451279703,,,,,1523.0,165.538
2001,1,1956,3893.378451279703,,,,,1525.0,165.532
2002,1,1957,3894.378451279703,,,,,1526.0,165.529
2003,1,1958,3895.378451279703,,,,,1528.0,165.527
2023,1,1978,3915.378451279703,,,,,1549.0,165.516
2024,1,1979,3916.378451279703,,,,,1550.0,165.5
2025,1,1980,3917.378451279703,,,,,1551.0,165.484
2026,1,1981,3918.378451279703,,,,,1552.0,165.472
2027,1,1982,3919.378451279703,,,,,1554.0,165.462
2028,1,1983,3920.378451279703,,,,,1557.0,165.457
2029,1,1984,3921.378451279703,,,,,1559.0,165.455
2030,1,1985,3922.378451279703,,,,,1561.0,165.453
2045,1,2000,3937.378451279703,,,,,1568.0,165.442
2046,1,2001,3938.378451279703,,,,,1570.0,165.426
2047,1,2002,3939.378451279703,,,,,1572.0,165.413
2048,1,2003,3940.378451279703,,,,,1574.0,165.406
2049,1,2004,3941.378451279703,,,,,1576.0,165.402
2068,1,2023,3960.378451279703,,,,,1599.0,165.401
2069,1,2024,3961.378451279703,,,,,1598.0,165.389
2070,1,2025,3962.378451279703,,,,,1598.0,165.378
2071,1,2026,3963.378451279703,,,,,1599.0,165.37
2072,1,2027,3964.378451279703,,,,,1600.0,165.366
2091,1,2046,3983.378451279703,,,,,1613.0,165.354
2092,1,2047,3984.378451279703,,,,,1613.0,165.336
2093,1,2048,3985.378451279703,,,,,1613.0,165.32
2094,1,2049,3986.378451279703,,,,,1616.0,165.308
2095,1,2050,3987.378451279703,,,,,1617.0,165.301
2096,1,2051,3988.378451279703,,,,,1619.0,165.295
2097,1,2052,3989.378451279703,,,,,1619.0,165.293
2125,1,2080,4017.378451279703,,,,,1627.0,165.283
2126,1,2081,4018.378451279703,,,,,1629.0,165.272
2127,1,2082,4019.378451279703,,,,,1630.0,165.261
2128,1,2083,4020.378451279703,,,,,1631.0,165.249
2129,1,2084,4021.378451279703,,,,,1632.0,165.237
2130,1,2085,4022.378451279703,,,,,1632.0,165.222
2131,1,2086,4023.378451279703,,,,,1631.0,165.207
2132,1,2087,4024.378451279703,,,,,1631.0,165.19
2133,1,2088,4025.378451279703,,,,,1632.0,165.174
2134,1,2089,4026.378451279703,,,,,1633.0,165.159
2135,1,2090,4027.378451279703,,,,,1633.0,165.143
2136,1,2091,4028.378451279703,,,,,1633.0,165.128
2137,1,2092,4029.378451279703,,,,,1633.0,165.113
2138,1,2093,4030.378451279703,,,,,1632.0,165.098
2139,1,2094,4031.378451279703,,,,,1633.0,165.084
2140,1,2095,4032.378451279703,,,,,1633.0,165.072
2141,1,2096,4033.378451279703,,,,,1633.0,165.061
2142,1,2097,4034.378451279703,,,,,1632.0,165.052
2143,1,2098,4035.378451279703,,,,,1632.0,165.045
2144,1,2099,4036.378451279703,,,,,1631.0,165.04
2145,1,2100,4037.378451279703,,,,,1631.0,165.033
2146,1,2101,4038.378451279703,,,,,1631.0,165.027
2147,1,2102,4039.378451279703,,,,,1632.0,165.02
2148,1,2103,4040.378451279703,,,,,1632.0,165.009
2149,1,2104,4041.378451279703,,,,,1630.0,164.998
2150,1,2105,4042.378451279703,,,,,1628.0,164.984
2151,1,2106,4043.378451279703,,,,,1628.0,164.971
2152,1,2107,4044.378451279703,,,,,1629.0,164.962
2153,1,2108,4045.378451279703,,,,,1631.0,164.953
2154,1,2109,4046.378451279703,,,,,1632.0,164.946
2155,1,2110,4047.378451279703,,,,,1632.0,164.939
2156,1,2111,4048.378451279703,,,,,1632.0,164.934
2157,1,2112,4049.378451279703,,,,,1632.0,164.931
2158,1,2113,4050.378451279703,,,,,1632.0,164.928
2159,1,2114,4051.378451279703,,,,,1634.0,164.926
2160,1,2115,4052.378451279703,,,,,1635.0,164.923
2161,1,2116,4053.378451279703,,,,,1636.0,164.919
2162,1,2117,4054.378451279703,,,,,1636.0,164.916
2163,1,2118,4055.378451279703,,,,,1636.0,164.913
2164,1,2119,4056.378451279703,,,,,1637.0,164.909
2165,1,2120,4057.378451279703,,,,,1637.0,164.906
2166,1,2121,4058.378451279703,,,,,1635.0,164.905
2258,1,2213,4150.378451279703,,,,,1708.0,164.9
2259,1,2214,4151.378451279703,,,,,1708.0,164.89
2260,1,2215,4152.378451279703,,,,,1710.0,164.881
2261,1,2216,4153.378451279703,,,,,1712.0,164.871
2262,1,2217,4154.378451279703,,,,,1713.0,164.86
2263,1,2218,4155.378451279703,,,,,1713.0,164.849
2264,1,2219,4156.378451279703,,,,,1714.0,164.837
2265,1,2220,4157.378451279703,,,,,1714.0,164.826
2266,1,2221,4158.378451279703,,,,,1715.0,164.815
2267,1,2222,4159.378451279703,,,,,1716.0,164.803
2268,1,2223,4160.378451279703,,,,,1717.0,164.794
2269,1,2224,4161.378451279703,,,,,1719.0,164.789
2270,1,2225,4162.378451279703,,,,,1719.0,164.784
2271,1,2226,4163.378451279703,,,,,1720.0,164.783
2272,1,2227,4164.378451279703,,,,,1720.0,164.782
2343,1,2298,4235.378451279703,,,,,1721.0,164.774
2344,1,2299,4236.378451279703,,,,,1722.0,164.762
2345,1,2300,4237.378451279703,,,,,1722.0,164.751
2346,1,2301,4238.378451279703,,,,,1722.0,164.739
2347,1,2302,4239.378451279703,,,,,1722.0,164.725
2348,1,2303,4240.378451279703,,,,,1722.0,164.709
2349,1,2304,4241.378451279703,,,,,1722.0,164.693
2350,1,2305,4242.378451279703,,,,,1722.0,164.677
2351,1,2306,4243.378451279703,,,,,1721.0,164.661
2352,1,2307,4244.378451279703,,,,,1720.0,164.644
2353,1,2308,4245.378451279703,,,,,1721.0,164.627
2354,1,2309,4246.378451279703,,,,,1722.0,164.61
2355,1,2310,4247.378451279703,,,,,1723.0,164.595
2356,1,2311,4248.378451279703,,,,,1723.0,164.58
2357,1,2312,4249.378451279703,,,,,1723.0,164.564
2358,1,2313,4250.378451279703,,,,,1724.0,164.546
2359,1,2314,4251.378451279703,,,,,1725.0,164.529
2360,1,2315,4252.378451279703,,,,,1727.0,164.514
2361,1,2316,4253.378451279703,,,,,1728.0,164.499
2362,1,2317,4254.378451279703,,,,,1728.0,164.483
2363,1,2318,4255.378451279703,,,,,1727.0,164.468
2364,1,2319,4256.378451279703,,,,,1726.0,164.451
2365,1,2320,4257.378451279703,,,,,1725.0,164.435
2366,1,2321,4258.378451279703,,,,,1724.0,164.419
2367,1,2322,4259.378451279703,,,,,1725.0,164.406
2368,1,2323,4260.378451279703,,,,,1725.0,164.393
2369,1,2324,4261.378451279703,,,,,1724.0,164.38
2370,1,2325,4262.378451279703,,,,,1723.0,164.372
2371,1,2326,4263.378451279703,,,,,1722.0,164.363
2372,1,2327,4264.378451279703,,,,,1720.0,164.355
2373,1,2328,4265.378451279703,,,,,1720.0,164.35
2374,1,2329,4266.378451279703,,,,,1720.0,164.343
2375,1,2330,4267.378451279703,,,,,1720.0,164.337
2376,1,2331,4268.378451279703,,,,,1719.0,164.33
2377,1,2332,4269.378451279703,,,,,1718.0,164.323
2378,1,2333,4270.378451279703,,,,,1717.0,164.314
2379,1,2334,4271.378451279703,,,,,1715.0,164.305
2380,1,2335,4272.378451279703,,,,,1714.0,164.295
2381,1,2336,4273.378451279703,,,,,1713.0,164.286
2382,1,2337,4274.378451279703,,,,,1712.0,164.277
2383,1,2338,4275.378451279703,,,,,1711.0,164.268
2384,1,2339,4276.378451279703,,,,,1710.0,164.261
2385,1,2340,4277.378451279703,,,,,1708.0,164.256
2386,1,2341,4278.378451279703,,,,,1706.0,164.249
2387,1,2342,4279.378451279703,,,,,1704.0,164.243
2388,1,2343,4280.378451279703,,,,,1702.0,164.238
2389,1,2344,4281.378451279703,,,,,1700.0,164.231
2390,1,2345,4282.378451279703,,,,,1698.0,164.226
2391,1,2346,4283.378451279703,,,,,1695.0,164.22
2392,1,2347,4284.378451279703,,,,,1692.0,164.215
2393,1,2348,4285.378451279703,,,,,1690.0,164.209
2394,1,2349,4286.378451279703,,,,,1688.0,164.202
2395,1,2350,4287.378451279703,,,,,1685.0,164.196
2396,1,2351,4288.378451279703,,,,,1683.0,164.189
2397,1,2352,4289.378451279703,,,,,1681.0,164.179
2398,1,2353,4290.378451279703,,,,,1680.0,164.172
2399,1,2354,4291.378451279703,,,,,1679.0,164.162
2400,1,2355,4292.378451279703,,,,,1679.0,164.155
2401,1,2356,4293.378451279703,,,,,1679.0,164.146
2402,1,2357,4294.378451279703,,,,,1678.0,164.139
2403,1,2358,4295.378451279703,,,,,1677.0,164.131
2404,1,2359,4296.378451279703,,,,,1674.0,164.124
2405,1,2360,4297.378451279703,,,,,1672.0,164.116
2406,1,2361,4298.378451279703,,,,,1670.0,164.11
2407,1,2362,4299.378451279703,,,,,1669.0,164.107
2408,1,2363,4300.378451279703,,,,,1668.0,164.103
2409,1,2364,4301.378451279703,,,,,1668.0,164.099
2410,1,2365,4302.378451279703,,,,,1667.0,164.095
2411,1,2366,4303.378451279703,,,,,1665.0,164.092
2412,1,2367,4304.378451279703,,,,,1664.0,164.086
2413,1,2368,4305.378451279703,,,,,1663.0,164.083
2414,1,2369,4306.378451279703,,,,,1662.0,164.079
2415,1,2370,4307.378451279703,,,,,1659.0,164.076
2416,1,2371,4308.378451279703,,,,,1656.0,164.073
2417,1,2372,4309.378451279703,,,,,1653.0,164.071
2418,1,2373,4310.378451279703,,,,,1648.0,164.067
2419,1,2374,4311.378451279703,,,,,1644.0,164.065
2420,1,2375,4312.378451279703,,,,,1641.0,164.063
2431,1,2386,4323.378451279703,,,,,1625.0,164.059
2432,1,2387,4324.378451279703,,,,,1624.0,164.055
2433,1,2388,4325.378451279703,,,,,1623.0,164.051
2434,1,2389,4326.378451279703,,,,,1622.0,164.048
2435,1,2390,4327.378451279703,,,,,1622.0,164.045
2436,1,2391,4328.378451279703,,,,,1620.0,164.039
2437,1,2392,4329.378451279703,,,,,1619.0,164.033
2438,1,2393,4330.378451279703,,,,,1619.0,164.027
2439,1,2394,4331.378451279703,,,,,1619.0,164.022
2440,1,2395,4332.378451279703,,,,,1618.0,164.016
2441,1,2396,4333.378451279703,,,,,1617.0,164.01
2442,1,2397,4334.378451279703,,,,,1617.0,164.003
2443,1,2398,4335.378451279703,,,,,1618.0,163.997
2444,1,2399,4336.378451279703,,,,,1619.0,163.991
2445,1,2400,4337.378451279703,,,,,1621.0,163.986
2446,1,2401,4338.378451279703,,,,,1623.0,163.98
2447,1,2402,4339.378451279703,,,,,1623.0,163.975
2448,1,2403,4340.378451279703,,,,,1622.0,163.969
2449,1,2404,4341.378451279703,,,,,1621.0,163.963
2450,1,2405,4342.378451279703,,,,,1621.0,163.957
2451,1,2406,4343.378451279703,,,,,1621.0,163.949
2452,1,2407,4344.378451279703,,,,,1623.0,163.94
2453,1,2408,4345.378451279703,,,,,1624.0,163.931
2454,1,2409,4346.378451279703,,,,,1625.0,163.923
2455,1,2410,4347.378451279703,,,,,1625.0,163.911
2456,1,2411,4348.378451279703,,,,,1623.0,163.899
2457,1,2412,4349.378451279703,,,,,1620.0,163.884
2458,1,2413,4350.378451279703,,,,,1618.0,163.869
2459,1,2414,4351.378451279703,,,,,1616.0,163.852
2460,1,2415,4352.378451279703,,,,,1616.0,163.839
2461,1,2416,4353.378451279703,,,,,1616.0,163.826
2462,1,2417,4354.378451279703,,,,,1616.0,163.812
2463,1,2418,4355.378451279703,,,,,1615.0,163.799
2464,1,2419,4356.378451279703,,,,,1614.0,163.784
2465,1,2420,4357.378451279703,,,,,1613.0,163.772
2466,1,2421,4358.378451279703,,,,,1614.0,163.761
2467,1,2422,4359.378451279703,,,,,1614.0,163.75
2468,1,2423,4360.378451279703,,,,,1615.0,163.742
2469,1,2424,4361.378451279703,,,,,1616.0,163.733
2470,1,2425,4362.378451279703,,,,,1617.0,163.725
2471,1,2426,4363.378451279703,,,,,1618.0,163.718
2472,1,2427,4364.378451279703,,,,,1618.0,163.709
2473,1,2428,4365.378451279703,,,,,1618.0,163.702
2474,1,2429,4366.378451279703,,,,,1618.0,163.695
2475,1,2430,4367.378451279703,,,,,1617.0,163.689
2476,1,2431,4368.378451279703,,,,,1616.0,163.68
2477,1,2432,4369.378451279703,,,,,1616.0,163.673
2478,1,2433,4370.378451279703,,,,,1615.0,163.665
2479,1,2434,4371.378451279703,,,,,1615.0,163.656
2480,1,2435,4372.378451279703,,,,,1615.0,163.65
2481,1,2436,4373.378451279703,,,,,1615.0,163.643
2482,1,2437,4374.378451279703,,,,,1615.0,163.632
2483,1,2438,4375.378451279703,,,,,1613.0,163.621
2484,1,2439,4376.378451279703,,,,,1611.0,163.609
2485,1,2440,4377.378451279703,,,,,1609.0,163.596
2486,1,2441,4378.378451279703,,,,,1608.0,163.585
2487,1,2442,4379.378451279703,,,,,1609.0,163.573
2488,1,2443,4380.378451279703,,,,,1610.0,163.563
2489,1,2444,4381.378451279703,,,,,1611.0,163.552
2490,1,2445,4382.378451279703,,,,,1611.0,163.544
2491,1,2446,4383.378451279703,,,,,1611.0,163.533
2492,1,2447,4384.378451279703,,,,,1610.0,163.522
2493,1,2448,4385.378451279703,,,,,1609.0,163.511
2494,1,2449,4386.378451279703,,,,,1609.0,163.5
2495,1,2450,4387.378451279703,,,,,1610.0,163.489
2496,1,2451,4388.378451279703,,,,,1612.0,163.478
2497,1,2452,4389.378451279703,,,,,1613.0,163.467
2498,1,2453,4390.378451279703,,,,,1615.0,163.456
2499,1,2454,4391.378451279703,,,,,1616.0,163.447
2500,1,2455,4392.378451279703,,,,,1618.0,163.438
2501,1,2456,4393.378451279703,,,,,1619.0,163.429
2502,1,2457,4394.378451279703,,,,,1620.0,163.42
2503,1,2458,4395.378451279703,,,,,1620.0,163.411
2504,1,2459,4396.378451279703,,,,,1621.0,163.402
2505,1,2460,4397.378451279703,,,,,1621.0,163.392
2506,1,2461,4398.378451279703,,,,,1622.0,163.379
2507,1,2462,4399.378451279703,,,,,1622.0,163.367
2508,1,2463,4400.378451279703,,,,,1622.0,163.354
2509,1,2464,4401.378451279703,,,,,1621.0,163.339
2510,1,2465,4402.378451279703,,,,,1620.0,163.325
2511,1,2466,4403.378451279703,,,,,1620.0,163.312
2512,1,2467,4404.378451279703,,,,,1620.0,163.299
2513,1,2468,4405.378451279703,,,,,1621.0,163.286
2514,1,2469,4406.378451279703,,,,,1622.0,163.275
2515,1,2470,4407.378451279703,,,,,1622.0,163.263
2516,1,2471,4408.378451279703,,,,,1622.0,163.252
2517,1,2472,4409.378451279703,,,,,1623.0,163.239
2518,1,2473,4410.378451279703,,,,,1623.0,163.229
2519,1,2474,4411.378451279703,,,,,1622.0,163.22
2520,1,2475,4412.378451279703,,,,,1621.0,163.21
2521,1,2476,4413.378451279703,,,,,1620.0,163.199
2522,1,2477,4414.378451279703,,,,,1619.0,163.189
2523,1,2478,4415.378451279703,,,,,1618.0,163.181
2524,1,2479,4416.378451279703,,,,,1618.0,163.174
2525,1,2480,4417.378451279703,,,,,1619.0,163.167
2526,1,2481,4418.378451279703,,,,,1619.0,163.163
2527,1,2482,4419.378451279703,,,,,1619.0,163.159
2528,1,2483,4420.378451279703,,,,,1618.0,163.158
2664,1,2619,4556.378451279703,,,,,1610.0,163.153
2665,1,2620,4557.378451279703,,,,,1608.0,163.142
2666,1,2621,4558.378451279703,,,,,1606.0,163.133
2667,1,2622,4559.378451279703,,,,,1605.0,163.123
2668,1,2623,4560.378451279703,,,,,1603.0,163.116
2669,1,2624,4561.378451279703,,,,,1602.0,163.11
2670,1,2625,4562.378451279703,,,,,1602.0,163.106
2671,1,2626,4563.378451279703,,,,,1602.0,163.102
2672,1,2627,4564.378451279703,,,,,1601.0,163.1
2673,1,2628,4565.378451279703,,,,,1601.0,163.098
2905,1,2860,4797.378451279703,,,,,1408.0,163.093
2906,1,2861,4798.378451279703,,,,,1407.0,163.087
2907,1,2862,4799.378451279703,,,,,1407.0,163.08
2908,1,2863,4800.378451279703,,,,,1406.0,163.071
2909,1,2864,4801.378451279703,,,,,1406.0,163.062
2910,1,2865,4802.378451279703,,,,,1405.0,163.053
2911,1,2866,4803.378451279703,,,,,1405.0,163.046
2912,1,2867,4804.378451279703,,,,,1405.0,163.037
2913,1,2868,4805.378451279703,,,,,1405.0,163.028
2914,1,2869,4806.378451279703,,,,,1405.0,163.019
2915,1,2870,4807.378451279703,,,,,1405.0,163.01
2916,1,2871,4808.378451279703,,,,,1404.0,163.001
2917,1,2872,4809.378451279703,,,,,1403.0,162.991
2918,1,2873,4810.378451279703,,,,,1403.0,162.979
2919,1,2874,4811.378451279703,,,,,1402.0,162.967
2920,1,2875,4812.378451279703,,,,,1400.0,162.953
2921,1,2876,4813.378451279703,,,,,1399.0,162.94
2922,1,2877,4814.378451279703,,,,,1398.0,162.924
2923,1,2878,4815.378451279703,,,,,1397.0,162.909
2924,1,2879,4816.378451279703,,,,,1397.0,162.894
2925,1,2880,4817.378451279703,,,,,1396.0,162.881
2926,1,2881,4818.378451279703,,,,,1395.0,162.866
2927,1,2882,4819.378451279703,,,,,1394.0,162.849
2928,1,2883,4820.378451279703,,,,,1393.0,162.834
2929,1,2884,4821.378451279703,,,,,1393.0,162.817
2930,1,2885,4822.378451279703,,,,,1393.0,162.804
2931,1,2886,4823.378451279703,,,,,1394.0,162.792
2932,1,2887,4824.378451279703,,,,,1396.0,162.781
2933,1,2888,4825.378451279703,,,,,1397.0,162.77
2934,1,2889,4826.378451279703,,,,,1396.0,162.759
2935,1,2890,4827.378451279703,,,,,1395.0,162.745
2936,1,2891,4828.378451279703,,,,,1394.0,162.732
2937,1,2892,4829.378451279703,,,,,1393.0,162.719
2938,1,2893,4830.378451279703,,,,,1392.0,162.707
2939,1,2894,4831.378451279703,,,,,1391.0,162.694
2940,1,2895,4832.378451279703,,,,,1390.0,162.681
2941,1,2896,4833.378451279703,,,,,1389.0,162.667
2942,1,2897,4834.378451279703,,,,,1388.0,162.654
2943,1,2898,4835.378451279703,,,,,1386.0,162.639
2944,1,2899,4836.378451279703,,,,,1385.0,162.623
2945,1,2900,4837.378451279703,,,,,1384.0,162.608
2946,1,2901,4838.378451279703,,,,,1384.0,162.595
2947,1,2902,4839.378451279703,,,,,1384.0,162.581
2948,1,2903,4840.378451279703,,,,,1384.0,162.57
2949,1,2904,4841.378451279703,,,,,1383.0,162.56
2950,1,2905,4842.378451279703,,,,,1381.0,162.548
2951,1,2906,4843.378451279703,,,,,1380.0,162.537
2952,1,2907,4844.378451279703,,,,,1378.0,162.527
2953,1,2908,4845.378451279703,,,,,1377.0,162.516
2954,1,2909,4846.378451279703,,,,,1376.0,162.508
2955,1,2910,4847.378451279703,,,,,1376.0,162.497
2956,1,2911,4848.378451279703,,,,,1374.0,162.486
2957,1,2912,4849.378451279703,,,,,1373.0,162.474
2958,1,2913,4850.378451279703,,,,,1371.0,162.46
2959,1,2914,4851.378451279703,,,,,1369.0,162.446
2960,1,2915,4852.378451279703,,,,,1369.0,162.432
2961,1,2916,4853.378451279703,,,,,1368.0,162.418
2962,1,2917,4854.378451279703,,,,,1369.0,162.405
2963,1,2918,4855.378451279703,,,,,1370.0,162.391
2964,1,2919,4856.378451279703,,,,,1369.0,162.377
2965,1,2920,4857.378451279703,,,,,1369.0,162.365
2966,1,2921,4858.378451279703,,,,,1368.0,162.35
2967,1,2922,4859.378451279703,,,,,1366.0,162.336
2968,1,2923,4860.378451279703,,,,,1367.0,162.324
2969,1,2924,4861.378451279703,,,,,1367.0,162.313
2970,1,2925,4862.378451279703,,,,,1367.0,162.303
2971,1,2926,4863.378451279703,,,,,1365.0,162.29
2972,1,2927,4864.378451279703,,,,,1363.0,162.274
2973,1,2928,4865.378451279703,,,,,1360.0,162.259
2974,1,2929,4866.378451279703,,,,,1359.0,162.243
2975,1,2930,4867.378451279703,,,,,1360.0,162.229
2976,1,2931,4868.378451279703,,,,,1360.0,162.215
2977,1,2932,4869.378451279703,,,,,1360.0,162.204
2978,1,2933,4870.378451279703,,,,,1359.0,162.193
2979,1,2934,4871.378451279703,,,,,1358.0,162.181
2980,1,2935,4872.378451279703,,,,,1357.0,162.17
2981,1,2936,4873.378451279703,,,,,1357.0,162.159
2982,1,2937,4874.378451279703,,,,,1357.0,162.147
2983,1,2938,4875.378451279703,,,,,1359.0,162.137
2984,1,2939,4876.378451279703,,,,,1360.0,162.128
2985,1,2940,4877.378451279703,,,,,1361.0,162.117
2986,1,2941,4878.378451279703,,,,,1362.0,162.107
2987,1,2942,4879.378451279703,,,,,1363.0,162.095
2988,1,2943,4880.378451279703,,,,,1362.0,162.083
2989,1,2944,4881.378451279703,,,,,1362.0,162.069
2990,1,2945,4882.378451279703,,,,,1363.0,162.054
2991,1,2946,4883.378451279703,,,,,1363.0,162.038
2992,1,2947,4884.378451279703,,,,,1362.0,162.023
2993,1,2948,4885.378451279703,,,,,1363.0,162.008
2994,1,2949,4886.378451279703,,,,,1365.0,161.994
2995,1,2950,4887.378451279703,,,,,1366.0,161.98
2996,1,2951,4888.378451279703,,,,,1366.0,161.966
2997,1,2952,4889.378451279703,,,,,1367.0,161.953
2998,1,2953,4890.378451279703,,,,,1367.0,161.937
2999,1,2954,4891.378451279703,,,,,1367.0,161.923
3000,1,2955,4892.378451279703,,,,,1367.0,161.905
3001,1,2956,4893.378451279703,,,,,1369.0,161.892
3002,1,2957,4894.378451279703,,,,,1370.0,161.879
3003,1,2958,4895.378451279703,,,,,1372.0,161.869
3004,1,2959,4896.378451279703,,,,,1373.0,161.86
3005,1,2960,4897.378451279703,,,,,1374.0,161.855
3006,1,2961,4898.378451279703,,,,,1375.0,161.854
3031,1,2986,4923.378451279703,,,,,1399.0,161.844
3032,1,2987,4924.378451279703,,,,,1401.0,161.832
3033,1,2988,4925.378451279703,,,,,1404.0,161.819
3034,1,2989,4926.378451279703,,,,,1406.0,161.807
3035,1,2990,4927.378451279703,,,,,1407.0,161.793
3036,1,2991,4928.378451279703,,,,,1408.0,161.779
3037,1,2992,4929.378451279703,,,,,1408.0,161.765
3038,1,2993,4930.378451279703,,,,,1409.0,161.753
3039,1,2994,4931.378451279703,,,,,1411.0,161.742
3040,1,2995,4932.378451279703,,,,,1411.0,161.734
3041,1,2996,4933.378451279703,,,,,1413.0,161.729
3042,1,2997,4934.378451279703,,,,,1416.0,161.725
3043,1,2998,4935.378451279703,,,,,1418.0,161.723
3044,1,2999,4936.378451279703,,,,,1420.0,161.721
3081,1,3036,4973.378451279703,,,,,1454.0,161.71
3082,1,3037,4974.378451279703,,,,,1453.0,161.696
3083,1,3038,4975.378451279703,,,,,1454.0,161.68
3084,1,3039,4976.378451279703,,,,,1454.0,161.667
3085,1,3040,4977.378451279703,,,,,1455.0,161.654
3086,1,3041,4978.378451279703,,,,,1455.0,161.642
3087,1,3042,4979.378451279703,,,,,1454.0,161.631
3088,1,3043,4980.378451279703,,,,,1454.0,161.622
3089,1,3044,4981.378451279703,,,,,1453.0,161.614
3090,1,3045,4982.378451279703,,,,,1454.0,161.607
3091,1,3046,4983.378451279703,,,,,1455.0,161.601
3092,1,3047,4984.378451279703,,,,,1456.0,161.598
3093,1,3048,4985.378451279703,,,,,1458.0,161.592
3094,1,3049,4986.378451279703,,,,,1460.0,161.59
3095,1,3050,4987.378451279703,,,,,1462.0,161.586
3096,1,3051,4988.378451279703,,,,,1464.0,161.584
3097,1,3052,4989.378451279703,,,,,1465.0,161.583
3116,1,3071,5008.378451279703,,,,,1479.0,161.582
3117,1,3072,5009.378451279703,,,,,1479.0,161.565
3118,1,3073,5010.378451279703,,,,,1480.0,161.547
3119,1,3074,5011.378451279703,,,,,1481.0,161.531
3120,1,3075,5012.378451279703,,,,,1482.0,161.514
3121,1,3076,5013.378451279703,,,,,1483.0,161.499
3122,1,3077,5014.378451279703,,,,,1484.0,161.486
3123,1,3078,5015.378451279703,,,,,1485.0,161.473
3124,1,3079,5016.378451279703,,,,,1485.0,161.461
3125,1,3080,5017.378451279703,,,,,1485.0,161.45
3126,1,3081,5018.378451279703,,,,,1484.0,161.438
3127,1,3082,5019.378451279703,,,,,1485.0,161.429
3128,1,3083,5020.378451279703,,,,,1486.0,161.421
3129,1,3084,5021.378451279703,,,,,1486.0,161.413
3130,1,3085,5022.378451279703,,,,,1487.0,161.407
3131,1,3086,5023.378451279703,,,,,1486.0,161.404
3132,1,3087,5024.378451279703,,,,,1485.0,161.4
3133,1,3088,5025.378451279703,,,,,1486.0,161.399
3187,1,3142,5079.378451279703,,,,,1497.0,161.396
3188,1,3143,5080.378451279703,,,,,1496.0,161.384
3189,1,3144,5081.378451279703,,,,,1495.0,161.373
3190,1,3145,5082.378451279703,,,,,1496.0,161.365
3191,1,3146,5083.378451279703,,,,,1498.0,161.36
3192,1,3147,5084.378451279703,,,,,1499.0,161.356
3193,1,3148,5085.378451279703,,,,,1500.0,161.354
3201,1,3156,5093.378451279703,,,,,1502.0,161.353
3202,1,3157,5094.378451279703,,,,,1502.0,161.347
3203,1,3158,5095.378451279703,,,,,1502.0,161.341
3204,1,3159,5096.378451279703,,,,,1503.0,161.332
3205,1,3160,5097.378451279703,,,,,1503.0,161.322
3206,1,3161,5098.378451279703,,,,,1503.0,161.313
3207,1,3162,5099.378451279703,,,,,1502.0,161.302
3208,1,3163,5100.378451279703,,,,,1503.0,161.289
3209,1,3164,5101.378451279703,,,,,1504.0,161.279
3210,1,3165,5102.378451279703,,,,,1505.0,161.27
3211,1,3166,5103.378451279703,,,,,1505.0,161.261
3212,1,3167,5104.378451279703,,,,,1506.0,161.255
3213,1,3168,5105.378451279703,,,,,1507.0,161.251
3214,1,3169,5106.378451279703,,,,,1507.0,161.248
3215,1,3170,5107.378451279703,,,,,1506.0,161.244
3216,1,3171,5108.378451279703,,,,,1505.0,161.241
3217,1,3172,5109.378451279703,,,,,1504.0,161.238
3218,1,3173,5110.378451279703,,,,,1503.0,161.234
3219,1,3174,5111.378451279703,,,,,1503.0,161.23
3220,1,3175,5112.378451279703,,,,,1503.0,161.223
3221,1,3176,5113.378451279703,,,,,1503.0,161.215
3222,1,3177,5114.378451279703,,,,,1501.0,161.206
3223,1,3178,5115.378451279703,,,,,1499.0,161.196
3224,1,3179,5116.378451279703,,,,,1496.0,161.185
3225,1,3180,5117.378451279703,,,,,1494.0,161.172
3226,1,3181,5118.378451279703,,,,,1494.0,161.162
3227,1,3182,5119.378451279703,,,,,1493.0,161.153
3228,1,3183,5120.378451279703,,,,,1493.0,161.145
3229,1,3184,5121.378451279703,,,,,1492.0,161.136
3230,1,3185,5122.378451279703,,,,,1489.0,161.127
3231,1,3186,5123.378451279703,,,,,1486.0,161.116
3232,1,3187,5124.378451279703,,,,,1483.0,161.105
3233,1,3188,5125.378451279703,,,,,1480.0,161.091
3234,1,3189,5126.378451279703,,,,,1478.0,161.078
3235,1,3190,5127.378451279703,,,,,1477.0,161.066
3236,1,3191,5128.378451279703,,,,,1476.0,161.055
3237,1,3192,5129.378451279703,,,,,1474.0,161.044
3238,1,3193,5130.378451279703,,,,,1473.0,161.035
3239,1,3194,5131.378451279703,,,,,1470.0,161.026
3240,1,3195,5132.378451279703,,,,,1469.0,161.018
3241,1,3196,5133.378451279703,,,,,1467.0,161.011
3242,1,3197,5134.378451279703,,,,,1466.0,161.005
3243,1,3198,5135.378451279703,,,,,1464.0,161.001
3244,1,3199,5136.378451279703,,,,,1462.0,160.997
3245,1,3200,5137.378451279703,,,,,1461.0,160.993
3246,1,3201,5138.378451279703,,,,,1460.0,160.991
3247,1,3202,5139.378451279703,,,,,1457.0,160.987
3248,1,3203,5140.378451279703,,,,,1455.0,160.985
3249,1,3204,5141.378451279703,,,,,1452.0,160.981
3250,1,3205,5142.378451279703,,,,,1449.0,160.975
3251,1,3206,5143.378451279703,,,,,1448.0,160.971
3252,1,3207,5144.378451279703,,,,,1446.0,160.968
3253,1,3208,5145.378451279703,,,,,1443.0,160.962
3254,1,3209,5146.378451279703,,,,,1441.0,160.956
3255,1,3210,5147.378451279703,,,,,1438.0,160.948
3256,1,3211,5148.378451279703,,,,,1436.0,160.941
3257,1,3212,5149.378451279703,,,,,1433.0,160.933
3258,1,3213,5150.378451279703,,,,,1431.0,160.923
3259,1,3214,5151.378451279703,,,,,1430.0,160.916
3260,1,3215,5152.378451279703,,,,,1429.0,160.906
3261,1,3216,5153.378451279703,,,,,1427.0,160.897
3262,1,3217,5154.378451279703,,,,,1426.0,160.886
3263,1,3218,5155.378451279703,,,,,1424.0,160.873
3264,1,3219,5156.378451279703,,,,,1422.0,160.862
3265,1,3220,5157.378451279703,,,,,1420.0,160.85
3266,1,3221,5158.378451279703,,,,,1418.0,160.836
3267,1,3222,5159.378451279703,,,,,1416.0,160.823
3268,1,3223,5160.378451279703,,,,,1413.0,160.809
3269,1,3224,5161.378451279703,,,,,1411.0,160.795
3270,1,3225,5162.378451279703,,,,,1410.0,160.782
3271,1,3226,5163.378451279703,,,,,1408.0,160.769
3272,1,3227,5164.378451279703,,,,,1406.0,160.755
3273,1,3228,5165.378451279703,,,,,1403.0,160.741
3274,1,3229,5166.378451279703,,,,,1399.0,160.726
3275,1,3230,5167.378451279703,,,,,1396.0,160.709
3276,1,3231,5168.378451279703,,,,,1392.0,160.692
3277,1,3232,5169.378451279703,,,,,1390.0,160.675
3278,1,3233,5170.378451279703,,,,,1388.0,160.659
3279,1,3234,5171.378451279703,,,,,1386.0,160.644
3280,1,3235,5172.378451279703,,,,,1384.0,160.63
3281,1,3236,5173.378451279703,,,,,1382.0,160.614
3282,1,3237,5174.378451279703,,,,,1380.0,160.6
3283,1,3238,5175.378451279703,,,,,1378.0,160.586
3284,1,3239,5176.378451279703,,,,,1376.0,160.572
3285,1,3240,5177.378451279703,,,,,1374.0,160.56
3286,1,3241,5178.378451279703,,,,,1373.0,160.546
3287,1,3242,5179.378451279703,,,,,1371.0,160.532
3288,1,3243,5180.378451279703,,,,,1369.0,160.518
3289,1,3244,5181.378451279703,,,,,1365.0,160.501
3290,1,3245,5182.378451279703,,,,,1361.0,160.486
3291,1,3246,5183.378451279703,,,,,1359.0,160.468
3292,1,3247,5184.378451279703,,,,,1357.0,160.453
3293,1,3248,5185.378451279703,,,,,1355.0,160.437
3294,1,3249,5186.378451279703,,,,,1353.0,160.422
3295,1,3250,5187.378451279703,,,,,1351.0,160.406
3296,1,3251,5188.378451279703,,,,,1348.0,160.391
3297,1,3252,5189.378451279703,,,,,1346.0,160.379
3298,1,3253,5190.378451279703,,,,,1345.0,160.368
3299,1,3254,5191.378451279703,,,,,1345.0,160.358
3300,1,3255,5192.378451279703,,,,,1344.0,160.347
3301,1,3256,5193.378451279703,,,,,1342.0,160.338
3302,1,3257,5194.378451279703,,,,,1340.0,160.329
3303,1,3258,5195.378451279703,,,,,1338.0,160.321
3304,1,3259,5196.378451279703,,,,,1337.0,160.312
3305,1,3260,5197.378451279703,,,,,1335.0,160.302
3306,1,3261,5198.378451279703,,,,,1333.0,160.294
3307,1,3262,5199.378451279703,,,,,1331.0,160.286
3308,1,3263,5200.378451279703,,,,,1329.0,160.277
3309,1,3264,5201.378451279703,,,,,1325.0,160.265
3310,1,3265,5202.378451279703,,,,,1323.0,160.254
3311,1,3266,5203.378451279703,,,,,1321.0,160.243
3312,1,3267,5204.378451279703,,,,,1319.0,160.233
3313,1,3268,5205.378451279703,,,,,1317.0,160.221
3314,1,3269,5206.378451279703,,,,,1315.0,160.208
3315,1,3270,5207.378451279703,,,,,1312.0,160.192
3316,1,3271,5208.378451279703,,,,,1308.0,160.178
3317,1,3272,5209.378451279703,,,,,1306.0,160.164
3318,1,3273,5210.378451279703,,,,,1305.0,160.151
3319,1,3274,5211.378451279703,,,,,1305.0,160.137
3320,1,3275,5212.378451279703,,,,,1305.0,160.123
3321,1,3276,5213.378451279703,,,,,1304.0,160.111
3322,1,3277,5214.378451279703,,,,,1304.0,160.098
3323,1,3278,5215.378451279703,,,,,1303.0,160.086
3324,1,3279,5216.378451279703,,,,,1302.0,160.071
3325,1,3280,5217.378451279703,,,,,1300.0,160.056
3326,1,3281,5218.378451279703,,,,,1298.0,160.04
3327,1,3282,5219.378451279703,,,,,1295.0,160.023
3328,1,3283,5220.378451279703,,,,,1293.0,160.004
3329,1,3284,5221.378451279703,,,,,1291.0,159.986
3330,1,3285,5222.378451279703,,,,,1289.0,159.969
3331,1,3286,5223.378451279703,,,,,1287.0,159.951
3332,1,3287,5224.378451279703,,,,,1285.0,159.935
3333,1,3288,5225.378451279703,,,,,1284.0,159.92
3334,1,3289,5226.378451279703,,,,,1283.0,159.905
3335,1,3290,5227.378451279703,,,,,1282.0,159.89
3336,1,3291,5228.378451279703,,,,,1280.0,159.874
3337,1,3292,5229.378451279703,,,,,1277.0,159.857
3338,1,3293,5230.378451279703,,,,,1274.0,159.839
3339,1,3294,5231.378451279703,,,,,1272.0,159.824
3340,1,3295,5232.378451279703,,,,,1270.0,159.807
3341,1,3296,5233.378451279703,,,,,1269.0,159.792
3342,1,3297,5234.378451279703,,,,,1269.0,159.775
3343,1,3298,5235.378451279703,,,,,1268.0,159.762
3344,1,3299,5236.378451279703,,,,,1268.0,159.747
3345,1,3300,5237.378451279703,,,,,1267.0,159.732
3346,1,3301,5238.378451279703,,,,,1266.0,159.719
3347,1,3302,5239.378451279703,,,,,1265.0,159.703
3348,1,3303,5240.378451279703,,,,,1264.0,159.69
3349,1,3304,5241.378451279703,,,,,1262.0,159.676
3350,1,3305,5242.378451279703,,,,,1261.0,159.663
3351,1,3306,5243.378451279703,,,,,1260.0,159.651
3352,1,3307,5244.378451279703,,,,,1259.0,159.638
3353,1,3308,5245.378451279703,,,,,1258.0,159.626
3354,1,3309,5246.378451279703,,,,,1257.0,159.614
3355,1,3310,5247.378451279703,,,,,1254.0,159.603
3356,1,3311,5248.378451279703,,,,,1252.0,159.591
3357,1,3312,5249.378451279703,,,,,1251.0,159.577
3358,1,3313,5250.378451279703,,,,,1249.0,159.565
3359,1,3314,5251.378451279703,,,,,1248.0,159.551
3360,1,3315,5252.378451279703,,,,,1247.0,159.539
3361,1,3316,5253.378451279703,,,,,1246.0,159.527
3362,1,3317,5254.378451279703,,,,,1245.0,159.515
3363,1,3318,5255.378451279703,,,,,1243.0,159.504
3364,1,3319,5256.378451279703,,,,,1241.0,159.491
3365,1,3320,5257.378451279703,,,,,1239.0,159.477
3366,1,3321,5258.378451279703,,,,,1237.0,159.464
3367,1,3322,5259.378451279703,,,,,1236.0,159.45
3368,1,3323,5260.378451279703,,,,,1235.0,159.437
3369,1,3324,5261.378451279703,,,,,1234.0,159.425
3370,1,3325,5262.378451279703,,,,,1233.0,159.411
3371,1,3326,5263.378451279703,,,,,1231.0,159.397
3372,1,3327,5264.378451279703,,,,,1230.0,159.383
3373,1,3328,5265.378451279703,,,,,1229.0,159.37
3374,1,3329,5266.378451279703,,,,,1229.0,159.356
3375,1,3330,5267.378451279703,,,,,1229.0,159.344
3376,1,3331,5268.378451279703,,,,,1228.0,159.332
3377,1,3332,5269.378451279703,,,,,1227.0,159.32
3378,1,3333,5270.378451279703,,,,,1226.0,159.307
3379,1,3334,5271.378451279703,,,,,1224.0,159.296
3380,1,3335,5272.378451279703,,,,,1222.0,159.284
3381,1,3336,5273.378451279703,,,,,1221.0,159.271
3382,1,3337,5274.378451279703,,,,,1219.0,159.26
3383,1,3338,5275.378451279703,,,,,1219.0,159.249
3384,1,3339,5276.378451279703,,,,,1219.0,159.238
3385,1,3340,5277.378451279703,,,,,1219.0,159.227
3386,1,3341,5278.378451279703,,,,,1220.0,159.218
3387,1,3342,5279.378451279703,,,,,1221.0,159.211
3388,1,3343,5280.378451279703,,,,,1221.0,159.205
3389,1,3344,5281.378451279703,,,,,1220.0,159.197
3390,1,3345,5282.378451279703,,,,,1219.0,159.192
3391,1,3346,5283.378451279703,,,,,1218.0,159.186
3392,1,3347,5284.378451279703,,,,,1218.0,159.179
3393,1,3348,5285.378451279703,,,,,1217.0,159.169
3394,1,3349,5286.378451279703,,,,,1218.0,159.158
3395,1,3350,5287.378451279703,,,,,1218.0,159.147
3396,1,3351,5288.378451279703,,,,,1219.0,159.136
3397,1,3352,5289.378451279703,,,,,1220.0,159.126
3398,1,3353,5290.378451279703,,,,,1220.0,159.115
3399,1,3354,5291.378451279703,,,,,1220.0,159.105
3400,1,3355,5292.378451279703,,,,,1219.0,159.092
3401,1,3356,5293.378451279703,,,,,1218.0,159.08
3402,1,3357,5294.378451279703,,,,,1217.0,159.065
3403,1,3358,5295.378451279703,,,,,1216.0,159.052
3404,1,3359,5296.378451279703,,,,,1215.0,159.039
3405,1,3360,5297.378451279703,,,,,1215.0,159.025
3406,1,3361,5298.378451279703,,,,,1215.0,159.012
3407,1,3362,5299.378451279703,,,,,1215.0,159.0
3408,1,3363,5300.378451279703,,,,,1217.0,158.987
3409,1,3364,5301.378451279703,,,,,1217.0,158.977
3410,1,3365,5302.378451279703,,,,,1217.0,158.966
3411,1,3366,5303.378451279703,,,,,1216.0,158.955
3412,1,3367,5304.378451279703,,,,,1214.0,158.943
3413,1,3368,5305.378451279703,,,,,1212.0,158.93
3414,1,3369,5306.378451279703,,,,,1210.0,158.915
3415,1,3370,5307.378451279703,,,,,1208.0,158.9
3416,1,3371,5308.378451279703,,,,,1207.0,158.885
3417,1,3372,5309.378451279703,,,,,1207.0,158.87
3418,1,3373,5310.378451279703,,,,,1206.0,158.857
3419,1,3374,5311.378451279703,,,,,1205.0,158.842
3420,1,3375,5312.378451279703,,,,,1204.0,158.825
3421,1,3376,5313.378451279703,,,,,1203.0,158.807
3422,1,3377,5314.378451279703,,,,,1202.0,158.788
3423,1,3378,5315.378451279703,,,,,1201.0,158.773
3424,1,3379,5316.378451279703,,,,,1201.0,158.759
3425,1,3380,5317.378451279703,,,,,1200.0,158.744
3426,1,3381,5318.378451279703,,,,,1198.0,158.73
3427,1,3382,5319.378451279703,,,,,1196.0,158.719
3428,1,3383,5320.378451279703,,,,,1195.0,158.707
3429,1,3384,5321.378451279703,,,,,1194.0,158.697
3430,1,3385,5322.378451279703,,,,,1194.0,158.687
3431,1,3386,5323.378451279703,,,,,1194.0,158.679
3432,1,3387,5324.378451279703,,,,,1194.0,158.672
3433,1,3388,5325.378451279703,,,,,1194.0,158.662
3434,1,3389,5326.378451279703,,,,,1194.0,158.654
3435,1,3390,5327.378451279703,,,,,1193.0,158.645
3436,1,3391,5328.378451279703,,,,,1192.0,158.636
3437,1,3392,5329.378451279703,,,,,1191.0,158.624
3438,1,3393,5330.378451279703,,,,,1189.0,158.609
3439,1,3394,5331.378451279703,,,,,1186.0,158.595
3440,1,3395,5332.378451279703,,,,,1184.0,158.578
3441,1,3396,5333.378451279703,,,,,1181.0,158.56
3442,1,3397,5334.378451279703,,,,,1179.0,158.542
3443,1,3398,5335.378451279703,,,,,1178.0,158.521
3444,1,3399,5336.378451279703,,,,,1177.0,158.502
3445,1,3400,5337.378451279703,,,,,1177.0,158.484
3446,1,3401,5338.378451279703,,,,,1176.0,158.468
3447,1,3402,5339.378451279703,,,,,1176.0,158.45
3448,1,3403,5340.378451279703,,,,,1176.0,158.434
3449,1,3404,5341.378451279703,,,,,1175.0,158.418
3450,1,3405,5342.378451279703,,,,,1174.0,158.402
3451,1,3406,5343.378451279703,,,,,1172.0,158.386
3452,1,3407,5344.378451279703,,,,,1170.0,158.369
3453,1,3408,5345.378451279703,,,,,1167.0,158.351
3454,1,3409,5346.378451279703,,,,,1165.0,158.335
3455,1,3410,5347.378451279703,,,,,1163.0,158.317
3456,1,3411,5348.378451279703,,,,,1161.0,158.3
3457,1,3412,5349.378451279703,,,,,1159.0,158.283
3458,1,3413,5350.378451279703,,,,,1158.0,158.268
3459,1,3414,5351.378451279703,,,,,1156.0,158.251
3460,1,3415,5352.378451279703,,,,,1154.0,158.234
3461,1,3416,5353.378451279703,,,,,1153.0,158.219
3462,1,3417,5354.378451279703,,,,,1151.0,158.204
3463,1,3418,5355.378451279703,,,,,1150.0,158.191
3464,1,3419,5356.378451279703,,,,,1149.0,158.176
3465,1,3420,5357.378451279703,,,,,1147.0,158.161
3466,1,3421,5358.378451279703,,,,,1145.0,158.147
3467,1,3422,5359.378451279703,,,,,1140.0,158.129
3468,1,3423,5360.378451279703,,,,,1136.0,158.107
3469,1,3424,5361.378451279703,,,,,1132.0,158.087
3470,1,3425,5362.378451279703,,,,,1129.0,158.067
3471,1,3426,5363.378451279703,,,,,1129.0,158.05
3472,1,3427,5364.378451279703,,,,,1130.0,158.035
3473,1,3428,5365.378451279703,,,,,1131.0,158.021
3474,1,3429,5366.378451279703,,,,,1130.0,158.006
3475,1,3430,5367.378451279703,,,,,1127.0,157.991
3476,1,3431,5368.378451279703,,,,,1125.0,157.976
3477,1,3432,5369.378451279703,,,,,1122.0,157.961
3478,1,3433,5370.378451279703,,,,,1122.0,157.948
3479,1,3434,5371.378451279703,,,,,1122.0,157.937
3480,1,3435,5372.378451279703,,,,,1122.0,157.925
3481,1,3436,5373.378451279703,,,,,1122.0,157.915
3482,1,3437,5374.378451279703,,,,,1120.0,157.906
3483,1,3438,5375.378451279703,,,,,1120.0,157.898
3484,1,3439,5376.378451279703,,,,,1119.0,157.89
3485,1,3440,5377.378451279703,,,,,1118.0,157.883
3486,1,3441,5378.378451279703,,,,,1118.0,157.877
3487,1,3442,5379.378451279703,,,,,1118.0,157.871
3488,1,3443,5380.378451279703,,,,,1118.0,157.864
3489,1,3444,5381.378451279703,,,,,1117.0,157.855
3490,1,3445,5382.378451279703,,,,,1116.0,157.845
3491,1,3446,5383.378451279703,,,,,1116.0,157.832
3492,1,3447,5384.378451279703,,,,,1115.0,157.817
3493,1,3448,5385.378451279703,,,,,1115.0,157.802
3494,1,3449,5386.378451279703,,,,,1116.0,157.789
3495,1,3450,5387.378451279703,,,,,1117.0,157.779
3496,1,3451,5388.378451279703,,,,,1118.0,157.766
3497,1,3452,5389.378451279703,,,,,1117.0,157.753
3498,1,3453,5390.378451279703,,,,,1116.0,157.741
3499,1,3454,5391.378451279703,,,,,1114.0,157.727
3500,1,3455,5392.378451279703,,,,,1113.0,157.716
3501,1,3456,5393.378451279703,,,,,1113.0,157.707
3502,1,3457,5394.378451279703,,,,,1113.0,157.699
3503,1,3458,5395.378451279703,,,,,1113.0,157.691
3504,1,3459,5396.378451279703,,,,,1112.0,157.684
3505,1,3460,5397.378451279703,,,,,1110.0,157.676
3506,1,3461,5398.378451279703,,,,,1108.0,157.668
3507,1,3462,5399.378451279703,,,,,1107.0,157.659
3508,1,3463,5400.378451279703,,,,,1105.0,157.648
3509,1,3464,5401.378451279703,,,,,1104.0,157.636
3510,1,3465,5402.378451279703,,,,,1102.0,157.624
3511,1,3466,5403.378451279703,,,,,1102.0,157.611
3512,1,3467,5404.378451279703,,,,,1101.0,157.596
3513,1,3468,5405.378451279703,,,,,1100.0,157.583
3514,1,3469,5406.378451279703,,,,,1100.0,157.571
3515,1,3470,5407.378451279703,,,,,1100.0,157.558
3516,1,3471,5408.378451279703,,,,,1099.0,157.545
3517,1,3472,5409.378451279703,,,,,1098.0,157.531
3518,1,3473,5410.378451279703,,,,,1096.0,157.515
3519,1,3474,5411.378451279703,,,,,1093.0,157.498
3520,1,3475,5412.378451279703,,,,,1092.0,157.481
3521,1,3476,5413.378451279703,,,,,1091.0,157.464
3522,1,3477,5414.378451279703,,,,,1092.0,157.45
3523,1,3478,5415.378451279703,,,,,1092.0,157.435
3524,1,3479,5416.378451279703,,,,,1093.0,157.423
3525,1,3480,5417.378451279703,,,,,1093.0,157.412
3526,1,3481,5418.378451279703,,,,,1093.0,157.401
3527,1,3482,5419.378451279703,,,,,1094.0,157.392
3528,1,3483,5420.378451279703,,,,,1094.0,157.383
3529,1,3484,5421.378451279703,,,,,1093.0,157.376
3530,1,3485,5422.378451279703,,,,,1092.0,157.369
3531,1,3486,5423.378451279703,,,,,1090.0,157.359
3532,1,3487,5424.378451279703,,,,,1087.0,157.35
3533,1,3488,5425.378451279703,,,,,1085.0,157.341
3534,1,3489,5426.378451279703,,,,,1083.0,157.332
3535,1,3490,5427.378451279703,,,,,1081.0,157.321
3536,1,3491,5428.378451279703,,,,,1079.0,157.312
3537,1,3492,5429.378451279703,,,,,1078.0,157.299
3538,1,3493,5430.378451279703,,,,,1077.0,157.286
3539,1,3494,5431.378451279703,,,,,1075.0,157.273
3540,1,3495,5432.378451279703,,,,,1074.0,157.26
3541,1,3496,5433.378451279703,,,,,1072.0,157.247
3542,1,3497,5434.378451279703,,,,,1071.0,157.233
3543,1,3498,5435.378451279703,,,,,1069.0,157.218
3544,1,3499,5436.378451279703,,,,,1067.0,157.203
3545,1,3500,5437.378451279703,,,,,1064.0,157.189
3546,1,3501,5438.378451279703,,,,,1062.0,157.174
3547,1,3502,5439.378451279703,,,,,1061.0,157.16
3548,1,3503,5440.378451279703,,,,,1060.0,157.147
3549,1,3504,5441.378451279703,,,,,1060.0,157.134
3550,1,3505,5442.378451279703,,,,,1060.0,157.123
3551,1,3506,5443.378451279703,,,,,1058.0,157.112
3552,1,3507,5444.378451279703,,,,,1055.0,157.099
3553,1,3508,5445.378451279703,,,,,1052.0,157.086
3554,1,3509,5446.378451279703,,,,,1049.0,157.073
3555,1,3510,5447.378451279703,,,,,1048.0,157.061
3556,1,3511,5448.378451279703,,,,,1046.0,157.052
3557,1,3512,5449.378451279703,,,,,1044.0,157.043
3558,1,3513,5450.378451279703,,,,,1043.0,157.033
3559,1,3514,5451.378451279703,,,,,1042.0,157.024
3560,1,3515,5452.378451279703,,,,,1040.0,157.016
3561,1,3516,5453.378451279703,,,,,1038.0,157.009
3562,1,3517,5454.378451279703,,,,,1034.0,156.999
3563,1,3518,5455.378451279703,,,,,1030.0,156.99
3564,1,3519,5456.378451279703,,,,,1026.0,156.982
3565,1,3520,5457.378451279703,,,,,1022.0,156.97
3566,1,3521,5458.378451279703,,,,,1019.0,156.958
3567,1,3522,5459.378451279703,,,,,1017.0,156.946
3568,2,1,5460.378451279703,,,,,1014.0,156.931
3569,2,2,5461.378451279703,,,,,1012.0,156.918
3570,2,3,5462.378451279703,,,,,1011.0,156.904
3571,2,4,5463.378451279703,,,,,1010.0,156.889
3572,2,5,5464.378451279703,,,,,1010.0,156.877
3573,2,6,5465.378451279703,,,,,1009.0,156.865
3574,2,7,5466.378451279703,,,,,1009.0,156.853
3575,2,8,5467.378451279703,,,,,1008.0,156.842
3576,2,9,5468.378451279703,,,,,1007.0,156.83
3577,2,10,5469.378451279703,,,,,1005.0,156.818
3578,2,11,5470.378451279703,,,,,1003.0,156.806
3579,2,12,5471.378451279703,,,,,1002.0,156.794
3580,2,13,5472.378451279703,,,,,999.0,156.781
3581,2,14,5473.378451279703,,,,,996.0,156.77
3582,2,15,5474.378451279703,,,,,993.0,156.761
3583,2,16,5475.378451279703,,,,,991.0,156.75
3584,2,17,5476.378451279703,,,,,992.0,156.742
3585,2,18,5477.378451279703,,,,,992.0,156.735
3586,2,19,5478.378451279703,,,,,992.0,156.728
3587,2,20,5479.378451279703,,,,,992.0,156.72
3588,2,21,5480.378451279703,,,,,990.0,156.711
3589,2,22,5481.378451279703,,,,,987.0,156.7
3590,2,23,5482.378451279703,,,,,984.0,156.688
3591,2,24,5483.378451279703,,,,,981.0,156.674
3592,2,25,5484.378451279703,,,,,979.0,156.661
3593,2,26,5485.378451279703,,,,,977.0,156.649
3594,2,27,5486.378451279703,,,,,976.0,156.637
3595,2,28,5487.378451279703,,,,,975.0,156.625
3596,2,29,5488.378451279703,,,,,973.0,156.613
3597,2,30,5489.378451279703,,,,,971.0,156.599
3598,2,31,5490.378451279703,,,,,969.0,156.585
3599,2,32,5491.378451279703,,,,,967.0,156.571
3600,2,33,5492.378451279703,,,,,965.0,156.555
3601,2,34,5493.378451279703,,,,,964.0,156.54
3602,2,35,5494.378451279703,,,,,963.0,156.524
3603,2,36,5495.378451279703,,,,,961.0,156.507
3604,2,37,5496.378451279703,,,,,959.0,156.491
3605,2,38,5497.378451279703,,,,,958.0,156.476
3606,2,39,5498.378451279703,,,,,957.0,156.46
3607,2,40,5499.378451279703,,,,,956.0,156.444
3608,2,41,5500.378451279703,,,,,954.0,156.428
3609,2,42,5501.378451279703,,,,,953.0,156.412
3610,2,43,5502.378451279703,,,,,952.0,156.398
3611,2,44,5503.378451279703,,,,,951.0,156.382
3612,2,45,5504.378451279703,,,,,951.0,156.369
3613,2,46,5505.378451279703,,,,,950.0,156.356
3614,2,47,5506.378451279703,,,,,947.0,156.341
3615,2,48,5507.378451279703,,,,,945.0,156.326
3616,2,49,5508.378451279703,,,,,943.0,156.311
3617,2,50,5509.378451279703,,,,,942.0,156.298
3618,2,51,5510.378451279703,,,,,940.0,156.285
3619,2,52,5511.378451279703,,,,,939.0,156.27
3620,2,53,5512.378451279703,,,,,938.0,156.255
3621,2,54,5513.378451279703,,,,,936.0,156.24
3622,2,55,5514.378451279703,,,,,935.0,156.224
3623,2,56,5515.378451279703,,,,,935.0,156.209
3624,2,57,5516.378451279703,,,,,934.0,156.193
3625,2,58,5517.378451279703,,,,,934.0,156.178
3626,2,59,5518.378451279703,,,,,934.0,156.164
3627,2,60,5519.378451279703,,,,,934.0,156.15
3628,2,61,5520.378451279703,,,,,934.0,156.137
3629,2,62,5521.378451279703,,,,,933.0,156.122
3630,2,63,5522.378451279703,,,,,932.0,156.109
3631,2,64,5523.378451279703,,,,,932.0,156.096
3632,2,65,5524.378451279703,,,,,931.0,156.082
3633,2,66,5525.378451279703,,,,,931.0,156.069
3634,2,67,5526.378451279703,,,,,931.0,156.057
3635,2,68,5527.378451279703,,,,,932.0,156.046
3636,2,69,5528.378451279703,,,,,931.0,156.034
3637,2,70,5529.378451279703,,,,,931.0,156.024
3638,2,71,5530.378451279703,,,,,931.0,156.013
3639,2,72,5531.378451279703,,,,,931.0,156.005
3640,2,73,5532.378451279703,,,,,931.0,155.996
3641,2,74,5533.378451279703,,,,,929.0,155.989
3642,2,75,5534.378451279703,,,,,927.0,155.981
3643,2,76,5535.378451279703,,,,,926.0,155.975
3644,2,77,5536.378451279703,,,,,924.0,155.969
3645,2,78,5537.378451279703,,,,,923.0,155.962
3646,2,79,5538.378451279703,,,,,923.0,155.954
3647,2,80,5539.378451279703,,,,,923.0,155.947
3648,2,81,5540.378451279703,,,,,922.0,155.938
3649,2,82,5541.378451279703,,,,,920.0,155.926
3650,2,83,5542.378451279703,,,,,916.0,155.915
3651,2,84,5543.378451279703,,,,,915.0,155.9
3652,2,85,5544.378451279703,,,,,914.0,155.889
3653,2,86,5545.378451279703,,,,,914.0,155.877
3654,2,87,5546.378451279703,,,,,914.0,155.867
3655,2,88,5547.378451279703,,,,,914.0,155.854
3656,2,89,5548.378451279703,,,,,913.0,155.844
3657,2,90,5549.378451279703,,,,,912.0,155.832
3658,2,91,5550.378451279703,,,,,911.0,155.821
3659,2,92,5551.378451279703,,,,,910.0,155.809
3660,2,93,5552.378451279703,,,,,909.0,155.796
3661,2,94,5553.378451279703,,,,,908.0,155.785
3662,2,95,5554.378451279703,,,,,906.0,155.772
3663,2,96,5555.378451279703,,,,,905.0,155.76
3664,2,97,5556.378451279703,,,,,904.0,155.748
3665,2,98,5557.378451279703,,,,,903.0,155.736
3666,2,99,5558.378451279703,,,,,901.0,155.722
3667,2,100,5559.378451279703,,,,,900.0,155.71
3668,2,101,5560.378451279703,,,,,899.0,155.698
3669,2,102,5561.378451279703,,,,,897.0,155.686
3670,2,103,5562.378451279703,,,,,896.0,155.673
3671,2,104,5563.378451279703,,,,,895.0,155.663
3672,2,105,5564.378451279703,,,,,893.0,155.651
3673,2,106,5565.378451279703,,,,,892.0,155.638
3674,2,107,5566.378451279703,,,,,891.0,155.624
3675,2,108,5567.378451279703,,,,,888.0,155.611
3676,2,109,5568.378451279703,,,,,886.0,155.593
3677,2,110,5569.378451279703,,,,,883.0,155.574
3678,2,111,5570.378451279703,,,,,881.0,155.557
3679,2,112,5571.378451279703,,,,,880.0,155.539
3680,2,113,5572.378451279703,,,,,880.0,155.522
3681,2,114,5573.378451279703,,,,,880.0,155.506
3682,2,115,5574.378451279703,,,,,881.0,155.491
3683,2,116,5575.378451279703,,,,,882.0,155.477
3684,2,117,5576.378451279703,,,,,881.0,155.462
3685,2,118,5577.378451279703,,,,,881.0,155.447
3686,2,119,5578.378451279703,,,,,880.0,155.43
3687,2,120,5579.378451279703,,,,,879.0,155.413
3688,2,121,5580.378451279703,,,,,878.0,155.397
3689,2,122,5581.378451279703,,,,,878.0,155.381
3690,2,123,5582.378451279703,,,,,877.0,155.362
3691,2,124,5583.378451279703,,,,,875.0,155.344
3692,2,125,5584.378451279703,,,,,875.0,155.327
3693,2,126,5585.378451279703,,,,,875.0,155.312
3694,2,127,5586.378451279703,,,,,875.0,155.298
3695,2,128,5587.378451279703,,,,,875.0,155.284
3696,2,129,5588.378451279703,,,,,875.0,155.272
3697,2,130,5589.378451279703,,,,,873.0,155.26
3698,2,131,5590.378451279703,,,,,872.0,155.249
3699,2,132,5591.378451279703,,,,,872.0,155.239
3700,2,133,5592.378451279703,,,,,872.0,155.231
3701,2,134,5593.378451279703,,,,,872.0,155.222
3702,2,135,5594.378451279703,,,,,871.0,155.213
3703,2,136,5595.378451279703,,,,,870.0,155.204
3704,2,137,5596.378451279703,,,,,868.0,155.196
3705,2,138,5597.378451279703,,,,,868.0,155.187
3706,2,139,5598.378451279703,,,,,866.0,155.179
3707,2,140,5599.378451279703,,,,,864.0,155.17
3708,2,141,5600.378451279703,,,,,862.0,155.155
3709,2,142,5601.378451279703,,,,,859.0,155.139
3710,2,143,5602.378451279703,,,,,855.0,155.121
3711,2,144,5603.378451279703,,,,,853.0,155.104
3712,2,145,5604.378451279703,,,,,851.0,155.087
3713,2,146,5605.378451279703,,,,,850.0,155.072
3714,2,147,5606.378451279703,,,,,849.0,155.058
3715,2,148,5607.378451279703,,,,,848.0,155.042
3716,2,149,5608.378451279703,,,,,846.0,155.026
3717,2,150,5609.378451279703,,,,,845.0,155.013
3718,2,151,5610.378451279703,,,,,844.0,155.001
3719,2,152,5611.378451279703,,,,,843.0,154.99
3720,2,153,5612.378451279703,,,,,842.0,154.98
3721,2,154,5613.378451279703,,,,,841.0,154.971
3722,2,155,5614.378451279703,,,,,839.0,154.963
3723,2,156,5615.378451279703,,,,,836.0,154.955
3724,2,157,5616.378451279703,,,,,835.0,154.947
3725,2,158,5617.378451279703,,,,,833.0,154.941
3726,2,159,5618.378451279703,,,,,831.0,154.936
3727,2,160,5619.378451279703,,,,,829.0,154.93
3728,2,161,5620.378451279703,,,,,828.0,154.923
3729,2,162,5621.378451279703,,,,,826.0,154.916
3730,2,163,5622.378451279703,,,,,824.0,154.905
3731,2,164,5623.378451279703,,,,,820.0,154.894
3732,2,165,5624.378451279703,,,,,816.0,154.883
3733,2,166,5625.378451279703,,,,,813.0,154.872
3734,2,167,5626.378451279703,,,,,811.0,154.861
3735,2,168,5627.378451279703,,,,,810.0,154.852
3736,2,169,5628.378451279703,,,,,809.0,154.843
3737,2,170,5629.378451279703,,,,,807.0,154.834
3738,2,171,5630.378451279703,,,,,805.0,154.825
3739,2,172,5631.378451279703,,,,,803.0,154.814
3740,2,173,5632.378451279703,,,,,801.0,154.803
3741,2,174,5633.378451279703,,,,,800.0,154.792
3742,2,175,5634.378451279703,,,,,799.0,154.781
3743,2,176,5635.378451279703,,,,,797.0,154.77
3744,2,177,5636.378451279703,,,,,796.0,154.761
3745,2,178,5637.378451279703,,,,,794.0,154.75
3746,2,179,5638.378451279703,,,,,793.0,154.741
3747,2,180,5639.378451279703,,,,,792.0,154.731
3748,2,181,5640.378451279703,,,,,791.0,154.718
3749,2,182,5641.378451279703,,,,,789.0,154.705
3750,2,183,5642.378451279703,,,,,787.0,154.693
3751,2,184,5643.378451279703,,,,,786.0,154.68
3752,2,185,5644.378451279703,,,,,786.0,154.668
3753,2,186,5645.378451279703,,,,,785.0,154.659
3754,2,187,5646.378451279703,,,,,784.0,154.648
3755,2,188,5647.378451279703,,,,,782.0,154.638
3756,2,189,5648.378451279703,,,,,781.0,154.63
3757,2,190,5649.378451279703,,,,,779.0,154.621
3758,2,191,5650.378451279703,,,,,778.0,154.614
3759,2,192,5651.378451279703,,,,,778.0,154.604
3760,2,193,5652.378451279703,,,,,777.0,154.597
3761,2,194,5653.378451279703,,,,,774.0,154.587
3762,2,195,5654.378451279703,,,,,771.0,154.58
3763,2,196,5655.378451279703,,,,,769.0,154.572
3764,2,197,5656.378451279703,,,,,767.0,154.564
3765,2,198,5657.378451279703,,,,,766.0,154.557
3766,2,199,5658.378451279703,,,,,764.0,154.551
3767,2,200,5659.378451279703,,,,,761.0,154.543
3768,2,201,5660.378451279703,,,,,758.0,154.536
3769,2,202,5661.378451279703,,,,,756.0,154.526
3770,2,203,5662.378451279703,,,,,753.0,154.516
3771,2,204,5663.378451279703,,,,,751.0,154.505
3772,2,205,5664.378451279703,,,,,749.0,154.496
3773,2,206,5665.378451279703,,,,,747.0,154.483
3774,2,207,5666.378451279703,,,,,745.0,154.471
3775,2,208,5667.378451279703,,,,,744.0,154.46
3776,2,209,5668.378451279703,,,,,743.0,154.449
3777,2,210,5669.378451279703,,,,,743.0,154.439
3778,2,211,5670.378451279703,,,,,742.0,154.43
3779,2,212,5671.378451279703,,,,,742.0,154.42
3780,2,213,5672.378451279703,,,,,742.0,154.409
3781,2,214,5673.378451279703,,,,,742.0,154.4
3782,2,215,5674.378451279703,,,,,742.0,154.389
3783,2,216,5675.378451279703,,,,,741.0,154.378
3784,2,217,5676.378451279703,,,,,741.0,154.367
3785,2,218,5677.378451279703,,,,,742.0,154.355
3786,2,219,5678.378451279703,,,,,743.0,154.346
3787,2,220,5679.378451279703,,,,,744.0,154.335
3788,2,221,5680.378451279703,,,,,746.0,154.326
3789,2,222,5681.378451279703,,,,,746.0,154.317
3790,2,223,5682.378451279703,,,,,747.0,154.308
3791,2,224,5683.378451279703,,,,,747.0,154.299
3792,2,225,5684.378451279703,,,,,747.0,154.29
3793,2,226,5685.378451279703,,,,,747.0,154.279
3794,2,227,5686.378451279703,,,,,748.0,154.269
3795,2,228,5687.378451279703,,,,,749.0,154.256
3796,2,229,5688.378451279703,,,,,750.0,154.244
3797,2,230,5689.378451279703,,,,,750.0,154.228
3798,2,231,5690.378451279703,,,,,751.0,154.214
3799,2,232,5691.378451279703,,,,,751.0,154.197
3800,2,233,5692.378451279703,,,,,752.0,154.182
3801,2,234,5693.378451279703,,,,,753.0,154.167
3802,2,235,5694.378451279703,,,,,754.0,154.154
3803,2,236,5695.378451279703,,,,,755.0,154.144
3804,2,237,5696.378451279703,,,,,756.0,154.135
3805,2,238,5697.378451279703,,,,,757.0,154.129
3806,2,239,5698.378451279703,,,,,757.0,154.127
3807,2,240,5699.378451279703,,,,,758.0,154.126
3844,2,277,5736.378451279703,,,,,772.0,154.122
3845,2,278,5737.378451279703,,,,,773.0,154.119
3871,2,304,5763.378451279703,,,,,788.0,154.115
3872,2,305,5764.378451279703,,,,,789.0,154.102
3873,2,306,5765.378451279703,,,,,790.0,154.086
3874,2,307,5766.378451279703,,,,,791.0,154.072
3875,2,308,5767.378451279703,,,,,792.0,154.057
3876,2,309,5768.378451279703,,,,,792.0,154.04
3877,2,310,5769.378451279703,,,,,792.0,154.022
3878,2,311,5770.378451279703,,,,,793.0,154.007
3879,2,312,5771.378451279703,,,,,793.0,153.992
3880,2,313,5772.378451279703,,,,,794.0,153.977
3881,2,314,5773.378451279703,,,,,795.0,153.967
3882,2,315,5774.378451279703,,,,,797.0,153.954
3883,2,316,5775.378451279703,,,,,798.0,153.943
3884,2,317,5776.378451279703,,,,,799.0,153.933
3885,2,318,5777.378451279703,,,,,801.0,153.927
3886,2,319,5778.378451279703,,,,,802.0,153.922
3887,2,320,5779.378451279703,,,,,803.0,153.921
3903,2,336,5795.378451279703,,,,,824.0,153.91
3904,2,337,5796.378451279703,,,,,826.0,153.893
3905,2,338,5797.378451279703,,,,,827.0,153.876
3906,2,339,5798.378451279703,,,,,827.0,153.861
3907,2,340,5799.378451279703,,,,,827.0,153.847
3908,2,341,5800.378451279703,,,,,828.0,153.836
3909,2,342,5801.378451279703,,,,,829.0,153.828
3910,2,343,5802.378451279703,,,,,830.0,153.824
3911,2,344,5803.378451279703,,,,,832.0,153.819
3912,2,345,5804.378451279703,,,,,834.0,153.818
3928,2,361,5820.378451279703,,,,,850.0,153.811
3929,2,362,5821.378451279703,,,,,851.0,153.795
3930,2,363,5822.378451279703,,,,,851.0,153.778
3931,2,364,5823.378451279703,,,,,851.0,153.758
3932,2,365,5824.378451279703,,,,,851.0,153.741
3933,2,366,5825.378451279703,,,,,851.0,153.724
3934,2,367,5826.378451279703,,,,,852.0,153.712
3935,2,368,5827.378451279703,,,,,854.0,153.701
3936,2,369,5828.378451279703,,,,,856.0,153.693
3937,2,370,5829.378451279703,,,,,856.0,153.686
3938,2,371,5830.378451279703,,,,,856.0,153.682
3939,2,372,5831.378451279703,,,,,856.0,153.681
3966,2,399,5858.378451279703,,,,,866.0,153.665
3967,2,400,5859.378451279703,,,,,867.0,153.648
3968,2,401,5860.378451279703,,,,,868.0,153.634
3969,2,402,5861.378451279703,,,,,868.0,153.619
3970,2,403,5862.378451279703,,,,,868.0,153.604
3971,2,404,5863.378451279703,,,,,868.0,153.589
3972,2,405,5864.378451279703,,,,,868.0,153.579
3973,2,406,5865.378451279703,,,,,869.0,153.572
3974,2,407,5866.378451279703,,,,,869.0,153.566
3975,2,408,5867.378451279703,,,,,868.0,153.563
4010,2,443,5902.378451279703,,,,,867.0,153.561
4011,2,444,5903.378451279703,,,,,866.0,153.547
4012,2,445,5904.378451279703,,,,,864.0,153.53
4013,2,446,5905.378451279703,,,,,863.0,153.514
4014,2,447,5906.378451279703,,,,,862.0,153.501
4015,2,448,5907.378451279703,,,,,862.0,153.487
4016,2,449,5908.378451279703,,,,,861.0,153.475
4017,2,450,5909.378451279703,,,,,859.0,153.464
4018,2,451,5910.378451279703,,,,,857.0,153.453
4019,2,452,5911.378451279703,,,,,855.0,153.443
4020,2,453,5912.378451279703,,,,,854.0,153.436
4021,2,454,5913.378451279703,,,,,852.0,153.432
4022,2,455,5914.378451279703,,,,,851.0,153.429
4023,2,456,5915.378451279703,,,,,851.0,153.427
4024,2,457,5916.378451279703,,,,,850.0,153.426
4025,2,458,5917.378451279703,,,,,850.0,153.425
4026,2,459,5918.378451279703,,,,,850.0,153.424
4027,2,460,5919.378451279703,,,,,850.0,153.422
4028,2,461,5920.378451279703,,,,,850.0,153.417
4029,2,462,5921.378451279703,,,,,850.0,153.414
4030,2,463,5922.378451279703,,,,,850.0,153.409
4031,2,464,5923.378451279703,,,,,849.0,153.403
4032,2,465,5924.378451279703,,,,,849.0,153.398
4033,2,466,5925.378451279703,,,,,848.0,153.394
4034,2,467,5926.378451279703,,,,,848.0,153.39
4035,2,468,5927.378451279703,,,,,848.0,153.387
4036,2,469,5928.378451279703,,,,,849.0,153.384
4072,2,505,5964.378451279703,,,,,838.0,153.378
4073,2,506,5965.378451279703,,,,,837.0,153.368
4074,2,507,5966.378451279703,,,,,836.0,153.36
4075,2,508,5967.378451279703,,,,,836.0,153.35
4076,2,509,5968.378451279703,,,,,837.0,153.34
4077,2,510,5969.378451279703,,,,,837.0,153.333
4078,2,511,5970.378451279703,,,,,836.0,153.324
4079,2,512,5971.378451279703,,,,,835.0,153.316
4080,2,513,5972.378451279703,,,,,833.0,153.309
4081,2,514,5973.378451279703,,,,,831.0,153.298
4082,2,515,5974.378451279703,,,,,828.0,153.287
4083,2,516,5975.378451279703,,,,,825.0,153.276
4084,2,517,5976.378451279703,,,,,823.0,153.264
4085,2,518,5977.378451279703,,,,,821.0,153.252
4086,2,519,5978.378451279703,,,,,819.0,153.238
4087,2,520,5979.378451279703,,,,,817.0,153.226
4088,2,521,5980.378451279703,,,,,814.0,153.212
4089,2,522,5981.378451279703,,,,,812.0,153.199
4090,2,523,5982.378451279703,,,,,811.0,153.187
4091,2,524,5983.378451279703,,,,,808.0,153.176
4092,2,525,5984.378451279703,,,,,806.0,153.166
4093,2,526,5985.378451279703,,,,,805.0,153.155
4094,2,527,5986.378451279703,,,,,804.0,153.146
4095,2,528,5987.378451279703,,,,,804.0,153.137
4096,2,529,5988.378451279703,,,,,803.0,153.128
4097,2,530,5989.378451279703,,,,,802.0,153.121
4098,2,531,5990.378451279703,,,,,801.0,153.111
4099,2,532,5991.378451279703,,,,,800.0,153.102
4100,2,533,5992.378451279703,,,,,799.0,153.094
4101,2,534,5993.378451279703,,,,,799.0,153.087
4102,2,535,5994.378451279703,,,,,798.0,153.083
4103,2,536,5995.378451279703,,,,,796.0,153.081
4104,2,537,5996.378451279703,,,,,794.0,153.079
4105,2,538,5997.378451279703,,,,,792.0,153.078
4106,2,539,5998.378451279703,,,,,790.0,153.076
4107,2,540,5999.378451279703,,,,,790.0,153.075
4112,2,545,6004.378451279703,,,,,785.0,153.073
4113,2,546,6005.378451279703,,,,,783.0,153.071
4114,2,547,6006.378451279703,,,,,782.0,153.068
4115,2,548,6007.378451279703,,,,,780.0,153.067
4304,2,737,6196.378451279703,,,,,546.0,153.056
4305,2,738,6197.378451279703,,,,,545.0,153.047
4306,2,739,6198.378451279703,,,,,544.0,153.036
4307,2,740,6199.378451279703,,,,,542.0,153.024
4308,2,741,6200.378451279703,,,,,541.0,153.015
4309,2,742,6201.378451279703,,,,,540.0,153.005
4310,2,743,6202.378451279703,,,,,539.0,152.994
4311,2,744,6203.378451279703,,,,,537.0,152.985
4312,2,745,6204.378451279703,,,,,536.0,152.972
4313,2,746,6205.378451279703,,,,,535.0,152.96
4314,2,747,6206.378451279703,,,,,536.0,152.949
4315,2,748,6207.378451279703,,,,,537.0,152.938
4316,2,749,6208.378451279703,,,,,538.0,152.929
4317,2,750,6209.378451279703,,,,,538.0,152.921
4318,2,751,6210.378451279703,,,,,536.0,152.911
4319,2,752,6211.378451279703,,,,,535.0,152.901
4320,2,753,6212.378451279703,,,,,534.0,152.891
4321,2,754,6213.378451279703,,,,,535.0,152.882
4322,2,755,6214.378451279703,,,,,536.0,152.873
4323,2,756,6215.378451279703,,,,,537.0,152.866
4324,2,757,6216.378451279703,,,,,537.0,152.859
4325,2,758,6217.378451279703,,,,,534.0,152.852
4326,2,759,6218.378451279703,,,,,532.0,152.848
4376,2,809,6268.378451279703,,,,,481.0,152.844
4377,2,810,6269.378451279703,,,,,482.0,152.835
4378,2,811,6270.378451279703,,,,,481.0,152.826
4379,2,812,6271.378451279703,,,,,480.0,152.817
4380,2,813,6272.378451279703,,,,,478.0,152.808
4381,2,814,6273.378451279703,,,,,476.0,152.799
4382,2,815,6274.378451279703,,,,,474.0,152.791
4383,2,816,6275.378451279703,,,,,473.0,152.783
4384,2,817,6276.378451279703,,,,,473.0,152.776
4385,2,818,6277.378451279703,,,,,471.0,152.77
4386,2,819,6278.378451279703,,,,,469.0,152.762
4387,2,820,6279.378451279703,,,,,467.0,152.752
4388,2,821,6280.378451279703,,,,,465.0,152.744
4389,2,822,6281.378451279703,,,,,465.0,152.735
4390,2,823,6282.378451279703,,,,,465.0,152.726
4391,2,824,6283.378451279703,,,,,464.0,152.717
4392,2,825,6284.378451279703,,,,,463.0,152.707
4393,2,826,6285.378451279703,,,,,462.0,152.697
4394,2,827,6286.378451279703,,,,,461.0,152.686
4395,2,828,6287.378451279703,,,,,460.0,152.676
4396,2,829,6288.378451279703,,,,,460.0,152.667
4397,2,830,6289.378451279703,,,,,459.0,152.657
4398,2,831,6290.378451279703,,,,,457.0,152.65
4399,2,832,6291.378451279703,,,,,455.0,152.641
4400,2,833,6292.378451279703,,,,,453.0,152.636
4401,2,834,6293.378451279703,,,,,452.0,152.631
4402,2,835,6294.378451279703,,,,,451.0,152.63
4403,2,836,6295.378451279703,,,,,450.0,152.629
4409,2,842,6301.378451279703,,,,,438.0,152.62
4410,2,843,6302.378451279703,,,,,438.0,152.611
4411,2,844,6303.378451279703,,,,,438.0,152.6
4412,2,845,6304.378451279703,,,,,437.0,152.591
4413,2,846,6305.378451279703,,,,,436.0,152.578
4414,2,847,6306.378451279703,,,,,435.0,152.568
4415,2,848,6307.378451279703,,,,,434.0,152.56
4416,2,849,6308.378451279703,,,,,434.0,152.55
4417,2,850,6309.378451279703,,,,,433.0,152.543
4418,2,851,6310.378451279703,,,,,432.0,152.535
4419,2,852,6311.378451279703,,,,,431.0,152.528
4420,2,853,6312.378451279703,,,,,431.0,152.521
4421,2,854,6313.378451279703,,,,,431.0,152.515
4422,2,855,6314.378451279703,,,,,430.0,152.508
4423,2,856,6315.378451279703,,,,,428.0,152.501
4424,2,857,6316.378451279703,,,,,425.0,152.49
4425,2,858,6317.378451279703,,,,,423.0,152.481
4426,2,859,6318.378451279703,,,,,423.0,152.471
4427,2,860,6319.378451279703,,,,,423.0,152.466
4428,2,861,6320.378451279703,,,,,423.0,152.46
4429,2,862,6321.378451279703,,,,,422.0,152.454
4430,2,863,6322.378451279703,,,,,419.0,152.449
4431,2,864,6323.378451279703,,,,,417.0,152.442
4432,2,865,6324.378451279703,,,,,417.0,152.434
4433,2,866,6325.378451279703,,,,,417.0,152.424
4434,2,867,6326.378451279703,,,,,415.0,152.412
4435,2,868,6327.378451279703,,,,,416.0,152.402
4436,2,869,6328.378451279703,,,,,417.0,152.392
4437,2,870,6329.378451279703,,,,,419.0,152.382
4438,2,871,6330.378451279703,,,,,419.0,152.372
4439,2,872,6331.378451279703,,,,,419.0,152.362
4440,2,873,6332.378451279703,,,,,418.0,152.35
4441,2,874,6333.378451279703,,,,,416.0,152.338
4442,2,875,6334.378451279703,,,,,413.0,152.324
4443,2,876,6335.378451279703,,,,,412.0,152.309
4444,2,877,6336.378451279703,,,,,414.0,152.298
4445,2,878,6337.378451279703,,,,,416.0,152.289
4446,2,879,6338.378451279703,,,,,417.0,152.28
4447,2,880,6339.378451279703,,,,,416.0,152.269
4448,2,881,6340.378451279703,,,,,414.0,152.257
4449,2,882,6341.378451279703,,,,,413.0,152.242
4450,2,883,6342.378451279703,,,,,412.0,152.232
4451,2,884,6343.378451279703,,,,,412.0,152.22
4452,2,885,6344.378451279703,,,,,412.0,152.21
4453,2,886,6345.378451279703,,,,,411.0,152.2
4454,2,887,6346.378451279703,,,,,408.0,152.189
4455,2,888,6347.378451279703,,,,,406.0,152.178
4456,2,889,6348.378451279703,,,,,406.0,152.168
4457,2,890,6349.378451279703,,,,,407.0,152.161
4458,2,891,6350.378451279703,,,,,408.0,152.154
4459,2,892,6351.378451279703,,,,,408.0,152.146
4460,2,893,6352.378451279703,,,,,406.0,152.136
4461,2,894,6353.378451279703,,,,,404.0,152.125
4462,2,895,6354.378451279703,,,,,403.0,152.114
4463,2,896,6355.378451279703,,,,,404.0,152.104
4464,2,897,6356.378451279703,,,,,404.0,152.096
4465,2,898,6357.378451279703,,,,,404.0,152.088
4466,2,899,6358.378451279703,,,,,404.0,152.079
4467,2,900,6359.378451279703,,,,,404.0,152.07
4468,2,901,6360.378451279703,,,,,403.0,152.062
4469,2,902,6361.378451279703,,,,,403.0,152.053
4470,2,903,6362.378451279703,,,,,403.0,152.045
4471,2,904,6363.378451279703,,,,,403.0,152.036
4472,2,905,6364.378451279703,,,,,403.0,152.028
4473,2,906,6365.378451279703,,,,,402.0,152.018
4474,2,907,6366.378451279703,,,,,401.0,152.007
4475,2,908,6367.378451279703,,,,,400.0,151.997
4476,2,909,6368.378451279703,,,,,398.0,151.987
4477,2,910,6369.378451279703,,,,,396.0,151.976
4478,2,911,6370.378451279703,,,,,395.0,151.968
4479,2,912,6371.378451279703,,,,,394.0,151.962
4480,2,913,6372.378451279703,,,,,393.0,151.96
